{
  "project_info": {
    "project_number": "551988849500",
    "project_id": "feetly-e0551",
    "storage_bucket": "feetly-e0551.firebasestorage.app"
  },
  "client": [
    {
      "client_info": {
        "mobilesdk_app_id": "1:551988849500:android:cfc29d021e442e066aaf99",
        "android_client_info": {
          "package_name": "com.example.feetly"
        }
      },
      "oauth_client": [],
      "api_key": [
        {
          "current_key": "AIzaSyChzkIGZGXjNuwCedSvjk1bJoyr6M2tOJw"
        }
      ],
      "services": {
        "appinvite_service": {
          "other_platform_oauth_client": []
        }
      }
    }
  ],
  "configuration_version": "1"
}